﻿<?xml version="1.0" encoding="UTF-8"?>
<ConfigDumpInfo xmlns="http://v8.1c.ru/8.3/xcf/dumpinfo" xmlns:xen="http://v8.1c.ru/8.3/xcf/enums" xmlns:xs="http://www.w3.org/2001/XMLSchema" xmlns:xsi="http://www.w3.org/2001/XMLSchema-instance" format="Hierarchical" version="2.4">
	<ConfigVersions>
		<Metadata name="Catalog.ЕдиницыИзмерения" id="7eccd8e5-d06f-4969-9152-dad2c8b818aa" configVersion="4911730f334acd4e98c013a4bcd64b7a00000000">
			<Metadata name="Catalog.ЕдиницыИзмерения.Attribute.Кратность" id="0a38da76-5a8f-4031-8de4-df0dc8243a71"/>
		</Metadata>
		<Metadata name="Catalog.Пользователь" id="aa1132ec-5316-4603-bcd3-29c1bbaa1558" configVersion="2ce3f9f6bf189f4b84f54ec0a4ce764b00000000">
			<Metadata name="Catalog.Пользователь.Attribute.Возраст" id="05bec5d1-5cc4-4ccc-bcdf-12d9674efff4"/>
			<Metadata name="Catalog.Пользователь.Attribute.УровеньАктивности" id="52769e5c-9e65-4951-8538-a5e0eed3deb7"/>
			<Metadata name="Catalog.Пользователь.Attribute.Адрес" id="7dcd8597-5958-47e5-96b5-3b1c2df5c7a5"/>
			<Metadata name="Catalog.Пользователь.Attribute.Пол" id="c475096b-8de6-4cf1-a591-cf2af6ed8ede"/>
		</Metadata>
		<Metadata name="Catalog.Пользователь.Form.ФормаЭлемента" id="9aa7f1ae-1913-49df-8ede-4660d67a4b1a" configVersion="369cb3df8e6ae74dac6892ac5f8132b300000000"/>
		<Metadata name="Catalog.Пользователь.Form.ФормаЭлемента.Form" id="9aa7f1ae-1913-49df-8ede-4660d67a4b1a.0" configVersion="35d54487d290214e887c5b331510936100000000"/>
		<Metadata name="Catalog.ПриемыПищи" id="ac29db33-fd4b-43af-b645-085b33d91a19" configVersion="e2ab2050e6f9a147b4cdcb3e9f0a5ccc00000000"/>
		<Metadata name="Catalog.ПриемыПищи.Form.ФормаЭлемента" id="c3a3fbe1-d4c0-4066-8a03-b196d509a99b" configVersion="91953fcbf54f744ba132929116e19e0200000000"/>
		<Metadata name="Catalog.ПриемыПищи.Form.ФормаЭлемента.Form" id="c3a3fbe1-d4c0-4066-8a03-b196d509a99b.0" configVersion="faf2e6203539d241bead1b0aabdfc1cf00000000"/>
		<Metadata name="Catalog.Продукты" id="f0ebaeb4-794d-4393-af61-af24c699fdd9" configVersion="28026319663f9645926f4efd33a5ce4a00000000">
			<Metadata name="Catalog.Продукты.Attribute.Углеводы" id="317f427b-0be1-4c4a-b59a-eda4694b2e75"/>
			<Metadata name="Catalog.Продукты.Attribute.ПищеваяЦенность" id="7a09b9af-2b54-4dc6-8474-6946332b66fc"/>
			<Metadata name="Catalog.Продукты.Attribute.ЕдиницаИзмерения" id="7c2e6626-e267-45db-b3a0-76da526c8c37"/>
			<Metadata name="Catalog.Продукты.Attribute.ДанныеФото" id="b4f4a9da-1b3a-4c9b-a50f-a61037e976ea"/>
			<Metadata name="Catalog.Продукты.Attribute.Жиры" id="d6e756be-6052-45e4-a1af-dd187e4871ca"/>
			<Metadata name="Catalog.Продукты.Attribute.Белки" id="dde5d872-9de9-4c7c-8589-b0a1ce0d40e6"/>
		</Metadata>
		<Metadata name="Catalog.Продукты.Form.ФормаЭлемента" id="fc74a839-23ee-43fd-887a-1c4cc3cc2378" configVersion="0c2ee9939a9bef49bc231a5fd2bfadf700000000"/>
		<Metadata name="Catalog.Продукты.Form.ФормаЭлемента.Form" id="fc74a839-23ee-43fd-887a-1c4cc3cc2378.0" configVersion="561a0f8bb1f17d4bb452a4d2168c710500000000"/>
		<Metadata name="CommonCommand.ТекущийДень" id="db4c309e-8704-44a4-873b-2b5a11d9a999" configVersion="c669371795eaca40a8d29058cf991e5700000000"/>
		<Metadata name="CommonCommand.ТекущийДень.CommandModule" id="db4c309e-8704-44a4-873b-2b5a11d9a999.2" configVersion="77670e62b7338c40bd8badacc3ab2cbb00000000"/>
		<Metadata name="CommonModule.ОбщиеФункцииНаКлиенте" id="7e97c047-0616-4fd8-b380-35610099c7da" configVersion="7d3fcce28e34834db56b0ccc14209d9f00000000"/>
		<Metadata name="CommonModule.ОбщиеФункцииНаКлиенте.Module" id="7e97c047-0616-4fd8-b380-35610099c7da.0" configVersion="e11b8bbb8077ea42b09e97ea7b6569d400000000"/>
		<Metadata name="CommonModule.ОбщиеФункцииНаСервере" id="250887e7-9b7a-48d6-b69a-046c8770cab2" configVersion="391a5a2182d36740af88715f259b4d4300000000"/>
		<Metadata name="CommonModule.ОбщиеФункцииНаСервере.Module" id="250887e7-9b7a-48d6-b69a-046c8770cab2.0" configVersion="a4ad4438968a9040aa88aaf40f09a11100000000"/>
		<Metadata name="Configuration.ДневникПитания" id="856e40dd-a8dc-4e5e-a3a2-a9e8fea5353c" configVersion="434d261d3875234396d9e4d2a82a6b7d00000000"/>
		<Metadata name="Configuration.ДневникПитания.HomePageWorkArea" id="95b2af62-a78c-4d57-a60b-09221668ab3f.8" configVersion="c32e3b0b2365cf4db502ca7c8a1ce6d500000000"/>
		<Metadata name="Configuration.ДневникПитания.ManagedApplicationModule" id="95b2af62-a78c-4d57-a60b-09221668ab3f.6" configVersion="a93907c89db8e544ada4f4071a18774c00000000"/>
		<Metadata name="Configuration.ДневникПитания.SessionModule" id="95b2af62-a78c-4d57-a60b-09221668ab3f.7" configVersion="20db9213b62eb24187af918dcfb4bc0800000000"/>
		<Metadata name="DataProcessor.ДневнаяНорма" id="c0df2ae3-358c-4c7a-a5d4-558822242dc9" configVersion="a80fafc577ab204da22dea093ee03da700000000"/>
		<Metadata name="DataProcessor.ДневнаяНорма.Form.Форма" id="888cdff4-45ff-4725-a9dd-2fc254e79ca1" configVersion="60afad8e036dc645ac3fe1a0393ab4ad00000000"/>
		<Metadata name="DataProcessor.ДневнаяНорма.Form.Форма.Form" id="888cdff4-45ff-4725-a9dd-2fc254e79ca1.0" configVersion="ae0943f4a2d52742b764e4f25dc2ef1200000000"/>
		<Metadata name="DataProcessor.НапоминалкаОПриемеВоды" id="ef324585-2686-4a08-99b8-aa6018aaacf6" configVersion="07d03e8af252a94f85ad491387558ced00000000"/>
		<Metadata name="DataProcessor.НапоминалкаОПриемеВоды.Form.Форма" id="99d810bb-1fb2-4bea-9898-4e98c559680c" configVersion="127ce47eb6691e47b02723fe5d49290200000000"/>
		<Metadata name="DataProcessor.НапоминалкаОПриемеВоды.Form.Форма.Form" id="99d810bb-1fb2-4bea-9898-4e98c559680c.0" configVersion="5b425b186ddc524aa18a1440f964dca900000000"/>
		<Metadata name="DataProcessor.ТекущийВес" id="e0e03e6b-9383-4767-9df2-c69a5078d331" configVersion="e5dfac3d44ca4d4282a4e51aa2f4fc7e00000000"/>
		<Metadata name="DataProcessor.ТекущийВес.Form.Форма" id="b947dac2-d9a6-4cb0-a589-dbe370a62d26" configVersion="463fddce66fe194ba0422aeaa35f741200000000"/>
		<Metadata name="DataProcessor.ТекущийВес.Form.Форма.Form" id="b947dac2-d9a6-4cb0-a589-dbe370a62d26.0" configVersion="4afc02eaafc54240a4df6cd07155fb5400000000"/>
		<Metadata name="Document.Питание" id="2d125f2d-713f-424d-8cd9-f7d890748033" configVersion="bda611e64b113f4f9f451ed0d49fe03700000000">
			<Metadata name="Document.Питание.TabularSection.Продукты" id="74522d98-5c05-45e3-aa15-deda155a936d"/>
			<Metadata name="Document.Питание.TabularSection.Продукты.Attribute.ПриемПищи" id="7e46ef95-6ece-4c4d-94ca-eef5dd9afd76"/>
			<Metadata name="Document.Питание.TabularSection.Продукты.Attribute.Порция" id="a98e372b-47ea-4950-81b4-05233d82dd36"/>
			<Metadata name="Document.Питание.TabularSection.Продукты.Attribute.Продукт" id="eb850b21-1d66-4425-ba37-67d602120413"/>
		</Metadata>
		<Metadata name="Document.Питание.Form.ФормаВыбораПриемаПищи" id="d59d055f-fcf6-4cfa-a4c8-a8b567bdf3f0" configVersion="792558b5b6bd1640b46572d99187118200000000"/>
		<Metadata name="Document.Питание.Form.ФормаВыбораПриемаПищи.Form" id="d59d055f-fcf6-4cfa-a4c8-a8b567bdf3f0.0" configVersion="3b69f9205b0f244fa38cd576fd43cf6500000000"/>
		<Metadata name="Document.Питание.Form.ФормаДокумента" id="e324513d-d08d-4bfa-b344-203c77cfd19c" configVersion="4eeb42f367dda54ab39b1bbc6388fd4300000000"/>
		<Metadata name="Document.Питание.Form.ФормаДокумента.Form" id="e324513d-d08d-4bfa-b344-203c77cfd19c.0" configVersion="5baf364b9d934d4886842547f8f122b300000000"/>
		<Metadata name="Document.Питание.Form.ФормаСписка" id="402d4b55-4648-4dbb-8b53-086fe62a3da2" configVersion="ce10f92447dc004b8c4fef33a3f579ff00000000"/>
		<Metadata name="Document.Питание.Form.ФормаСписка.Form" id="402d4b55-4648-4dbb-8b53-086fe62a3da2.0" configVersion="280221fec0567647af7d02f7ae255b3c00000000"/>
		<Metadata name="Enum.Пол" id="129db31f-865d-41db-818d-365e50e39f72" configVersion="b691026e0a64d540802178b8ea66806d00000000">
			<Metadata name="Enum.Пол.EnumValue.Женский" id="8e35d543-16bf-4f5b-8022-e8c93d823b8e"/>
			<Metadata name="Enum.Пол.EnumValue.Мужской" id="c7ed5cbc-5dbb-4ae9-895b-8feaecfbb760"/>
		</Metadata>
		<Metadata name="Enum.УровниАктивности" id="da147d37-dbc8-4ee6-b466-e1f9e1757d43" configVersion="7931067f636fcd44aa1626445357cb0100000000">
			<Metadata name="Enum.УровниАктивности.EnumValue.Высокий" id="46a48613-c58a-4ff1-ad1a-a56a7cd9cbb4"/>
			<Metadata name="Enum.УровниАктивности.EnumValue.Средний" id="f95f8e3b-82ec-44dd-beb5-e955830ea0e3"/>
			<Metadata name="Enum.УровниАктивности.EnumValue.Низкий" id="fa28ad1c-db92-49a0-b13e-7dd0d5909cd7"/>
		</Metadata>
		<Metadata name="InformationRegister.ИзмеренияЧеловека" id="f4ea7a0b-2ab2-4353-915e-9a07977badbf" configVersion="1072abf3e95e0b4884260eadccdbb92a00000000">
			<Metadata name="InformationRegister.ИзмеренияЧеловека.Dimension.Пользователь" id="17812410-2089-4b43-8f0b-587596392471"/>
			<Metadata name="InformationRegister.ИзмеренияЧеловека.Resource.Вес" id="3b44a634-323e-47b7-8a2b-05f536562191"/>
			<Metadata name="InformationRegister.ИзмеренияЧеловека.Resource.ОбхватПлеча" id="5d8d9414-6ceb-4fe1-ae5d-6650f985e122"/>
			<Metadata name="InformationRegister.ИзмеренияЧеловека.Resource.ОбъемТалии" id="87644e1d-1e6e-4585-aa60-ee16382f4ac2"/>
			<Metadata name="InformationRegister.ИзмеренияЧеловека.Resource.Рост" id="a5f7d49b-1b9e-410e-a7a1-ca2f03e05491"/>
			<Metadata name="InformationRegister.ИзмеренияЧеловека.Resource.ОбъемГруди" id="f4d421b4-825d-4dc1-ae2a-e5c520947eab"/>
		</Metadata>
		<Metadata name="InformationRegister.НормыКилокалорий" id="e73ab8ce-4257-40fe-aeed-596ad77bf9b5" configVersion="8eafb99be24af948b4145aa0947926e900000000">
			<Metadata name="InformationRegister.НормыКилокалорий.Resource.НормаКаллорий" id="07e007fd-7ea5-4d94-9d68-ce6fdc27bf6f"/>
			<Metadata name="InformationRegister.НормыКилокалорий.Dimension.УровеньАктивности" id="67234b22-33ef-4211-b406-1f6fe0b525c0"/>
			<Metadata name="InformationRegister.НормыКилокалорий.Dimension.Пол" id="6aea7091-fac3-4ce6-a891-e3b49c57ab7e"/>
			<Metadata name="InformationRegister.НормыКилокалорий.Dimension.ВозрастОт" id="71026ba7-6d9b-488b-963e-169edbd5fdc1"/>
			<Metadata name="InformationRegister.НормыКилокалорий.Resource.Белки" id="8e01cfd1-e20d-4567-8289-4984a74d7e71"/>
			<Metadata name="InformationRegister.НормыКилокалорий.Resource.Жиры" id="a0093692-2b18-4ac6-ac84-7c4471f5dbf7"/>
			<Metadata name="InformationRegister.НормыКилокалорий.Dimension.ВозрастДо" id="e61e9871-088f-4310-9519-a322d4489fd8"/>
			<Metadata name="InformationRegister.НормыКилокалорий.Resource.Углеводы" id="ef8245b1-d35f-43dd-8b5d-06ef1e922409"/>
		</Metadata>
		<Metadata name="Language.Русский" id="5ca09103-5aba-4014-8645-b57b20b158c1" configVersion="487b76de829dbc44a7429dfaf1a3dcd300000000"/>
	</ConfigVersions>
</ConfigDumpInfo>