﻿<?xml version="1.0" encoding="UTF-8"?>
<MetaDataObject xmlns="http://v8.1c.ru/8.3/MDClasses" xmlns:app="http://v8.1c.ru/8.2/managed-application/core" xmlns:cfg="http://v8.1c.ru/8.1/data/enterprise/current-config" xmlns:cmi="http://v8.1c.ru/8.2/managed-application/cmi" xmlns:ent="http://v8.1c.ru/8.1/data/enterprise" xmlns:lf="http://v8.1c.ru/8.2/managed-application/logform" xmlns:style="http://v8.1c.ru/8.1/data/ui/style" xmlns:sys="http://v8.1c.ru/8.1/data/ui/fonts/system" xmlns:v8="http://v8.1c.ru/8.1/data/core" xmlns:v8ui="http://v8.1c.ru/8.1/data/ui" xmlns:web="http://v8.1c.ru/8.1/data/ui/colors/web" xmlns:win="http://v8.1c.ru/8.1/data/ui/colors/windows" xmlns:xen="http://v8.1c.ru/8.3/xcf/enums" xmlns:xpr="http://v8.1c.ru/8.3/xcf/predef" xmlns:xr="http://v8.1c.ru/8.3/xcf/readable" xmlns:xs="http://www.w3.org/2001/XMLSchema" xmlns:xsi="http://www.w3.org/2001/XMLSchema-instance" version="2.4">
	<Configuration uuid="856e40dd-a8dc-4e5e-a3a2-a9e8fea5353c">
		<InternalInfo>
			<xr:ContainedObject>
				<xr:ClassId>9cd510cd-abfc-11d4-9434-004095e12fc7</xr:ClassId>
				<xr:ObjectId>95b2af62-a78c-4d57-a60b-09221668ab3f</xr:ObjectId>
			</xr:ContainedObject>
			<xr:ContainedObject>
				<xr:ClassId>9fcd25a0-4822-11d4-9414-008048da11f9</xr:ClassId>
				<xr:ObjectId>448a0fca-7231-4178-9d22-e1698ae2f46f</xr:ObjectId>
			</xr:ContainedObject>
			<xr:ContainedObject>
				<xr:ClassId>e3687481-0a87-462c-a166-9f34594f9bba</xr:ClassId>
				<xr:ObjectId>0a347f22-6340-4c04-9ef0-acd6595fdc8a</xr:ObjectId>
			</xr:ContainedObject>
			<xr:ContainedObject>
				<xr:ClassId>9de14907-ec23-4a07-96f0-85521cb6b53b</xr:ClassId>
				<xr:ObjectId>b03c2ebe-5190-4c7f-b12c-d6f18db9d2e5</xr:ObjectId>
			</xr:ContainedObject>
			<xr:ContainedObject>
				<xr:ClassId>51f2d5d8-ea4d-4064-8892-82951750031e</xr:ClassId>
				<xr:ObjectId>7973c0d6-5c34-4ff8-b3df-3651f8615ff9</xr:ObjectId>
			</xr:ContainedObject>
			<xr:ContainedObject>
				<xr:ClassId>e68182ea-4237-4383-967f-90c1e3370bc7</xr:ClassId>
				<xr:ObjectId>1ee59b7e-0a75-4582-a9c2-a5777890ce26</xr:ObjectId>
			</xr:ContainedObject>
		</InternalInfo>
		<Properties>
			<Name>ДневникПитания</Name>
			<Synonym>
				<v8:item>
					<v8:lang>ru</v8:lang>
					<v8:content>Дневник питания</v8:content>
				</v8:item>
			</Synonym>
			<Comment/>
			<NamePrefix/>
			<ConfigurationExtensionCompatibilityMode>Version8_3_10</ConfigurationExtensionCompatibilityMode>
			<DefaultRunMode>ManagedApplication</DefaultRunMode>
			<UsePurposes>
				<v8:Value xsi:type="app:ApplicationUsePurpose">MobileDevice</v8:Value>
			</UsePurposes>
			<ScriptVariant>Russian</ScriptVariant>
			<DefaultRoles/>
			<Vendor>Firm</Vendor>
			<Version>1.0.0</Version>
			<UpdateCatalogAddress/>
			<IncludeHelpInContents>false</IncludeHelpInContents>
			<UseManagedFormInOrdinaryApplication>false</UseManagedFormInOrdinaryApplication>
			<UseOrdinaryFormInManagedApplication>false</UseOrdinaryFormInManagedApplication>
			<AdditionalFullTextSearchDictionaries/>
			<CommonSettingsStorage/>
			<ReportsUserSettingsStorage/>
			<ReportsVariantsStorage/>
			<FormDataSettingsStorage/>
			<DynamicListsUserSettingsStorage/>
			<Content/>
			<DefaultReportForm/>
			<DefaultReportVariantForm/>
			<DefaultReportSettingsForm/>
			<DefaultDynamicListSettingsForm/>
			<DefaultSearchForm/>
			<RequiredMobileApplicationPermissions>
				<v8:pair>
					<v8:Key xsi:type="app:RequiredMobileApplicationPermissions">Multimedia</v8:Key>
					<v8:Value xsi:type="xs:boolean">true</v8:Value>
				</v8:pair>
				<v8:pair>
					<v8:Key xsi:type="app:RequiredMobileApplicationPermissions">Location</v8:Key>
					<v8:Value xsi:type="xs:boolean">true</v8:Value>
				</v8:pair>
				<v8:pair>
					<v8:Key xsi:type="app:RequiredMobileApplicationPermissions">Contacts</v8:Key>
					<v8:Value xsi:type="xs:boolean">false</v8:Value>
				</v8:pair>
				<v8:pair>
					<v8:Key xsi:type="app:RequiredMobileApplicationPermissions">Calendars</v8:Key>
					<v8:Value xsi:type="xs:boolean">false</v8:Value>
				</v8:pair>
				<v8:pair>
					<v8:Key xsi:type="app:RequiredMobileApplicationPermissions">Telephony</v8:Key>
					<v8:Value xsi:type="xs:boolean">false</v8:Value>
				</v8:pair>
				<v8:pair>
					<v8:Key xsi:type="app:RequiredMobileApplicationPermissions">PushNotification</v8:Key>
					<v8:Value xsi:type="xs:boolean">false</v8:Value>
				</v8:pair>
				<v8:pair>
					<v8:Key xsi:type="app:RequiredMobileApplicationPermissions">LocalNotification</v8:Key>
					<v8:Value xsi:type="xs:boolean">true</v8:Value>
				</v8:pair>
				<v8:pair>
					<v8:Key xsi:type="app:RequiredMobileApplicationPermissions">Print</v8:Key>
					<v8:Value xsi:type="xs:boolean">false</v8:Value>
				</v8:pair>
				<v8:pair>
					<v8:Key xsi:type="app:RequiredMobileApplicationPermissions">InAppPurchases</v8:Key>
					<v8:Value xsi:type="xs:boolean">false</v8:Value>
				</v8:pair>
				<v8:pair>
					<v8:Key xsi:type="app:RequiredMobileApplicationPermissions">Ads</v8:Key>
					<v8:Value xsi:type="xs:boolean">false</v8:Value>
				</v8:pair>
			</RequiredMobileApplicationPermissions>
			<MainClientApplicationWindowMode>Normal</MainClientApplicationWindowMode>
			<DefaultInterface/>
			<DefaultStyle/>
			<DefaultLanguage>Language.Русский</DefaultLanguage>
			<BriefInformation/>
			<DetailedInformation/>
			<Copyright/>
			<VendorInformationAddress/>
			<ConfigurationInformationAddress/>
			<DataLockControlMode>Managed</DataLockControlMode>
			<ObjectAutonumerationMode>NotAutoFree</ObjectAutonumerationMode>
			<ModalityUseMode>DontUse</ModalityUseMode>
			<SynchronousPlatformExtensionAndAddInCallUseMode>Use</SynchronousPlatformExtensionAndAddInCallUseMode>
			<InterfaceCompatibilityMode>Version8_2</InterfaceCompatibilityMode>
			<CompatibilityMode>Version8_3_10</CompatibilityMode>
			<DefaultConstantsForm/>
		</Properties>
		<ChildObjects>
			<Language>Русский</Language>
			<CommonModule>ОбщиеФункцииНаСервере</CommonModule>
			<CommonModule>ОбщиеФункцииНаКлиенте</CommonModule>
			<CommonCommand>ТекущийДень</CommonCommand>
			<Catalog>Пользователь</Catalog>
			<Catalog>ПриемыПищи</Catalog>
			<Catalog>Продукты</Catalog>
			<Catalog>ЕдиницыИзмерения</Catalog>
			<Document>Питание</Document>
			<Enum>Пол</Enum>
			<Enum>УровниАктивности</Enum>
			<DataProcessor>ДневнаяНорма</DataProcessor>
			<DataProcessor>ТекущийВес</DataProcessor>
			<DataProcessor>НапоминалкаОПриемеВоды</DataProcessor>
			<InformationRegister>ИзмеренияЧеловека</InformationRegister>
			<InformationRegister>НормыКилокалорий</InformationRegister>
		</ChildObjects>
	</Configuration>
</MetaDataObject>