﻿<?xml version="1.0" encoding="UTF-8"?>
<MetaDataObject xmlns="http://v8.1c.ru/8.3/MDClasses" xmlns:app="http://v8.1c.ru/8.2/managed-application/core" xmlns:cfg="http://v8.1c.ru/8.1/data/enterprise/current-config" xmlns:cmi="http://v8.1c.ru/8.2/managed-application/cmi" xmlns:ent="http://v8.1c.ru/8.1/data/enterprise" xmlns:lf="http://v8.1c.ru/8.2/managed-application/logform" xmlns:style="http://v8.1c.ru/8.1/data/ui/style" xmlns:sys="http://v8.1c.ru/8.1/data/ui/fonts/system" xmlns:v8="http://v8.1c.ru/8.1/data/core" xmlns:v8ui="http://v8.1c.ru/8.1/data/ui" xmlns:web="http://v8.1c.ru/8.1/data/ui/colors/web" xmlns:win="http://v8.1c.ru/8.1/data/ui/colors/windows" xmlns:xen="http://v8.1c.ru/8.3/xcf/enums" xmlns:xpr="http://v8.1c.ru/8.3/xcf/predef" xmlns:xr="http://v8.1c.ru/8.3/xcf/readable" xmlns:xs="http://www.w3.org/2001/XMLSchema" xmlns:xsi="http://www.w3.org/2001/XMLSchema-instance" version="2.4">
	<Enum uuid="129db31f-865d-41db-818d-365e50e39f72">
		<InternalInfo>
			<xr:GeneratedType name="EnumRef.Пол" category="Ref">
				<xr:TypeId>92ce292d-0410-4e77-87f9-e0f2595e8a46</xr:TypeId>
				<xr:ValueId>d1014102-61ad-417d-8728-a50bf2fb51ca</xr:ValueId>
			</xr:GeneratedType>
			<xr:GeneratedType name="EnumManager.Пол" category="Manager">
				<xr:TypeId>44b6c0aa-0a4b-4bd0-8359-7e0f960d70bb</xr:TypeId>
				<xr:ValueId>80f331d7-9c95-496a-a56e-4880fdb13861</xr:ValueId>
			</xr:GeneratedType>
			<xr:GeneratedType name="EnumList.Пол" category="List">
				<xr:TypeId>7a4c5be2-f147-4839-92ed-4ed4320538b3</xr:TypeId>
				<xr:ValueId>c9451aa9-7770-4e16-be06-536aaa928f0b</xr:ValueId>
			</xr:GeneratedType>
		</InternalInfo>
		<Properties>
			<Name>Пол</Name>
			<Synonym>
				<v8:item>
					<v8:lang>ru</v8:lang>
					<v8:content>Пол</v8:content>
				</v8:item>
			</Synonym>
			<Comment/>
			<UseStandardCommands>false</UseStandardCommands>
			<Characteristics/>
			<QuickChoice>true</QuickChoice>
			<ChoiceMode>BothWays</ChoiceMode>
			<DefaultListForm/>
			<DefaultChoiceForm/>
			<AuxiliaryListForm/>
			<AuxiliaryChoiceForm/>
			<ListPresentation/>
			<ExtendedListPresentation/>
			<Explanation/>
			<ChoiceHistoryOnInput>Auto</ChoiceHistoryOnInput>
		</Properties>
		<ChildObjects>
			<EnumValue uuid="c7ed5cbc-5dbb-4ae9-895b-8feaecfbb760">
				<Properties>
					<Name>Мужской</Name>
					<Synonym>
						<v8:item>
							<v8:lang>ru</v8:lang>
							<v8:content>Мужской</v8:content>
						</v8:item>
					</Synonym>
					<Comment/>
				</Properties>
			</EnumValue>
			<EnumValue uuid="8e35d543-16bf-4f5b-8022-e8c93d823b8e">
				<Properties>
					<Name>Женский</Name>
					<Synonym>
						<v8:item>
							<v8:lang>ru</v8:lang>
							<v8:content>Женский</v8:content>
						</v8:item>
					</Synonym>
					<Comment/>
				</Properties>
			</EnumValue>
		</ChildObjects>
	</Enum>
</MetaDataObject>