﻿<?xml version="1.0" encoding="UTF-8"?>
<MetaDataObject xmlns="http://v8.1c.ru/8.3/MDClasses" xmlns:app="http://v8.1c.ru/8.2/managed-application/core" xmlns:cfg="http://v8.1c.ru/8.1/data/enterprise/current-config" xmlns:cmi="http://v8.1c.ru/8.2/managed-application/cmi" xmlns:ent="http://v8.1c.ru/8.1/data/enterprise" xmlns:lf="http://v8.1c.ru/8.2/managed-application/logform" xmlns:style="http://v8.1c.ru/8.1/data/ui/style" xmlns:sys="http://v8.1c.ru/8.1/data/ui/fonts/system" xmlns:v8="http://v8.1c.ru/8.1/data/core" xmlns:v8ui="http://v8.1c.ru/8.1/data/ui" xmlns:web="http://v8.1c.ru/8.1/data/ui/colors/web" xmlns:win="http://v8.1c.ru/8.1/data/ui/colors/windows" xmlns:xen="http://v8.1c.ru/8.3/xcf/enums" xmlns:xpr="http://v8.1c.ru/8.3/xcf/predef" xmlns:xr="http://v8.1c.ru/8.3/xcf/readable" xmlns:xs="http://www.w3.org/2001/XMLSchema" xmlns:xsi="http://www.w3.org/2001/XMLSchema-instance" version="2.4">
	<Enum uuid="da147d37-dbc8-4ee6-b466-e1f9e1757d43">
		<InternalInfo>
			<xr:GeneratedType name="EnumRef.УровниАктивности" category="Ref">
				<xr:TypeId>2db60112-61dd-431a-8ee9-49e72a4f831c</xr:TypeId>
				<xr:ValueId>3f4da980-6260-4b42-98c2-94d230e5c645</xr:ValueId>
			</xr:GeneratedType>
			<xr:GeneratedType name="EnumManager.УровниАктивности" category="Manager">
				<xr:TypeId>36b63b61-e7a0-42d3-bafb-4e60fe804b00</xr:TypeId>
				<xr:ValueId>9d7f9c65-6fc4-49cd-805a-ce76c2f82fca</xr:ValueId>
			</xr:GeneratedType>
			<xr:GeneratedType name="EnumList.УровниАктивности" category="List">
				<xr:TypeId>79c6d8b4-af41-4054-917c-54ed9b7fb463</xr:TypeId>
				<xr:ValueId>58c5ea1c-a235-49ab-bb70-7a552c4c10d4</xr:ValueId>
			</xr:GeneratedType>
		</InternalInfo>
		<Properties>
			<Name>УровниАктивности</Name>
			<Synonym>
				<v8:item>
					<v8:lang>ru</v8:lang>
					<v8:content>Уровни активности</v8:content>
				</v8:item>
			</Synonym>
			<Comment/>
			<UseStandardCommands>false</UseStandardCommands>
			<Characteristics/>
			<QuickChoice>true</QuickChoice>
			<ChoiceMode>BothWays</ChoiceMode>
			<DefaultListForm/>
			<DefaultChoiceForm/>
			<AuxiliaryListForm/>
			<AuxiliaryChoiceForm/>
			<ListPresentation/>
			<ExtendedListPresentation/>
			<Explanation/>
			<ChoiceHistoryOnInput>Auto</ChoiceHistoryOnInput>
		</Properties>
		<ChildObjects>
			<EnumValue uuid="fa28ad1c-db92-49a0-b13e-7dd0d5909cd7">
				<Properties>
					<Name>Низкий</Name>
					<Synonym>
						<v8:item>
							<v8:lang>ru</v8:lang>
							<v8:content>Низкий</v8:content>
						</v8:item>
					</Synonym>
					<Comment/>
				</Properties>
			</EnumValue>
			<EnumValue uuid="f95f8e3b-82ec-44dd-beb5-e955830ea0e3">
				<Properties>
					<Name>Средний</Name>
					<Synonym>
						<v8:item>
							<v8:lang>ru</v8:lang>
							<v8:content>Средний</v8:content>
						</v8:item>
					</Synonym>
					<Comment/>
				</Properties>
			</EnumValue>
			<EnumValue uuid="46a48613-c58a-4ff1-ad1a-a56a7cd9cbb4">
				<Properties>
					<Name>Высокий</Name>
					<Synonym>
						<v8:item>
							<v8:lang>ru</v8:lang>
							<v8:content>Высокий</v8:content>
						</v8:item>
					</Synonym>
					<Comment/>
				</Properties>
			</EnumValue>
		</ChildObjects>
	</Enum>
</MetaDataObject>